<?xml version="1.0" encoding="UTF-8"?>
<component name="linkedin_people" type="synapse/template">
  <subComponents>
      <component name="getProfile">
          <file>getProfile.xml</file>
          <description>The Profile API returns details of LinkedIn profile.</description>
      </component>
     <component name="getMemberProfile">
      <file>getMemberProfile.xml</file>
      <description>The Profile API returns a members profile info LinkedIn profile.</description>
    </component>
    <component name="accessOutOfNetworkProfiles">
      <file>accessOutOfNetworkProfiles.xml</file>
      <description>Presenting with people resources that are outside of the current members three degrees.</description>
    </component>
      <component name="getProfiledataBasic">
          <file>getProfiledataBasic.xml</file>
          <description>The Profile API returns a members profile basic info LinkedIn profile.</description>
      </component>
      <component name="getAdditionalProfileFields">
          <file>getAdditionalProfileFields.xml</file>
          <description>The Profile API returns a members profile additional info LinkedIn profile.</description>
      </component>
  </subComponents>
</component>