<template name="init" xmlns="http://ws.apache.org/ns/synapse">

	<parameter name="apiUrl" description="URL of the LinkedIn API" />
	<parameter name="accessToken" description="Access Token for access backend services" />

	<sequence>

		<property name="uri.var.accessToken" expression="$func:accessToken" />
		<property name="uri.var.apiUrl" expression="$func:apiUrl" />

		<filter source="boolean(get-property('uri.var.apiUrl'))" regex="false">
			<then>
				<property name="uri.var.apiUrl" value="https://api.linkedin.com" />
			</then>
		</filter>

	</sequence>

</template>
