<?xml version="1.0" encoding="UTF-8"?>
<!--
  Copyright (c) 2015, WSO2 Inc. (http://www.wso2.org) All Rights Reserved.
    WSO2 Inc. licenses this file to you under the Apache License,
    Version 2.0 (the "License"); you may not use this file except
    in compliance with the License.
    You may obtain a copy of the License at
      http://www.apache.org/licenses/LICENSE-2.0

   Unless required by applicable law or agreed to in writing,
   software distributed under the License is distributed on an
   "AS IS" BASIS, WITHOUT WARRANTIES OR CONDITIONS OF ANY
   KIND, either express or implied.  See the License for the
   specific language governing permissions and limitations
   under the License.
  -->
<template name="addComment" xmlns="http://ws.apache.org/ns/synapse">

    <parameter name="companyId" description="The unique internal numeric company identifier" />
    <parameter name="comment" description="add useful comment for company page " />
    <parameter name="updateKey" description="The unique identifier for update" />

    <sequence>
        <property name="uri.var.companyId" expression="$func:companyId" />
        <property name="uri.var.comment" expression="$func:comment" />
        <property name="uri.var.updateKey" expression="$func:updateKey" />
        <payloadFactory media-type="json">
            <format>
                {
                "comment": "$1"
                }
            </format>
            <args>
                <arg expression="get-property('uri.var.comment')" />
            </args>
        </payloadFactory>

        <header name="x-li-format" scope="transport" value="json"/>
        <call>
            <endpoint>
                <http method="put"
                      uri-template="{+uri.var.apiUrl}/v1/companies/{+uri.var.companyId}/updates/key={uri.var.updateKey}/update-comments-as-company?oauth2_access_token={+uri.var.accessToken}&amp;format=json"/>
            </endpoint>
        </call>
        <!-- Remove response custom header information -->
        <header name="x-li-format" scope="transport" action="remove" />
        <header name="X-LI-UUID" scope="transport" action="remove" />
        <header name="X-Li-Pop" scope="transport" action="remove" />
        <header name="X-Li-Fabric" scope="transport" action="remove" />
        <header name="x-li-request-id" scope="transport" action="remove" />
        <header name="Set-Cookie" scope="transport" action="remove" />
    </sequence>
</template>