<?xml version="1.0" encoding="UTF-8"?>
<component name="linkedin_companies" type="synapse/template">
  <subComponents>
    <component name="addComment">
      <file>addComment.xml</file>
      <description>The Company Statistics API provides the ability to add comments for a particular company page.</description>
    </component>
    <component name="checkAdminMember">
      <file>checkAdminMember.xml</file>
      <description>check the member is an Admin or not in the company profiles.</description>
    </component>
    <component name="checkShare">
      <file>checkShare.xml</file>
      <description>Check share in company profiles.</description>
    </component>
    <component name="companyLookup">
      <file>companyLookup.xml</file>
      <description>The Company Profile API Retrieves and displays one or more company profiles.</description>
    </component>
    <component name="getAdditionalProfileInfo">
      <file>getAdditionalProfileInfo.xml</file>
      <description>The Company Statistics API provides the ability to retrieve profile details for a particular company page.</description>
    </component>
    <component name="getcommentsForSpecificUpdate">
      <file>getcommentsForSpecificUpdate.xml</file>
      <description>The Company Statistics API provides the ability to retrieve comments for a particular company page.</description>
    </component>
     <component name="getCompanyProfile">
      <file>getCompanyProfile.xml</file>
      <description>The Company Profile API Retrieves and displays one or more company profiles.</description>
    </component>
    <component name="getCompanySpecificUpdate">
      <file>getCompanySpecificUpdate.xml</file>
      <description>The Company Statistics API provides the ability to retrieve specific updates for a particular company page.</description>
    </component>
    <component name="getCompanyUpdate">
      <file>getCompanyUpdate.xml</file>
      <description>The Company Statistics API provides the ability to retrieve updates for a particular company page.</description>
    </component>
    <component name="getfollowers">
      <file>getfollowers.xml</file>
      <description>The Company Statistics API provides the ability to retrieve no of followers for a particular company page.</description>
    </component>
    <component name="getHistoricalFollowers">
      <file>getHistoricalFollowers.xml</file>
      <description>The Company Statistics API provides the ability to retrieve historical followers for a particular company page.</description>
    </component>
    <component name="gethistoricalStatusUpdate">
      <file>gethistoricalStatusUpdate.xml</file>
      <description>The Company Statistics API provides the ability to retrieve  historical followers update for a particular company page.</description>
    </component>
    <component name="getLikesForCompanyUpdate">
      <file>getLikesForCompanyUpdate.xml</file>
      <description>The Company Statistics API provides the ability to retrieve likes for status update a particular company page.</description>
    </component>
    <component name="listCompanyByMember">
      <file>listCompanyByMember.xml</file>
      <description>The Company Profile API Retrieves and displays members of company profiles.</description>
    </component>
    <component name="searchCompanyPage">
      <file>searchCompanyPage.xml</file>
      <description>The Company Search API enables search across company pages.</description>
    </component>

  </subComponents>
</component>