<template name="companyLookup" xmlns="http://ws.apache.org/ns/synapse" description="Retrieves and displays one or more company profiles.">

	<parameter name="universalName" description="The unique string identifier for a company" />
	<parameter name="companyId" description="The unique internal numeric company identifier" />
	<parameter name="emailDomains" description="Company email domains" />
	<parameter name="companyAdmin" description="To check authenticated user is an administrator" />
	<parameter name="fieldSelectors" description="To retrieve the specific fields." />

	<sequence>

		<property name="uri.var.universalName" expression="$func:universalName" />
		<property name="uri.var.companyId" expression="$func:companyId" />
		<property name="uri.var.emailDomains" expression="$func:emailDomains" />
		<property name="uri.var.companyAdmin" expression="$func:companyAdmin" />
		<property name="uri.var.fieldSelectors" expression="$func:fieldSelectors" />

		<script language="js">
			<![CDATA[
			var universalName = mc.getProperty('uri.var.universalName');
			if (universalName != null && universalName != "") {
				var encoded_universalName = mc.getProperty('uri.var.universalName');
            	mc.setProperty('uri.var.universalName', encoded_universalName);
			}
			]]>
		</script>

		<filter xpath="get-property('uri.var.fieldSelectors') = '' or not(string(get-property('uri.var.fieldSelectors')))">
			<then>
				<property name="uri.var.fieldSelectors" value="" />
			</then>
			<else>
				<property name="uri.var.fieldSelectors" expression="fn:concat(':(', get-property('uri.var.fieldSelectors'), ')')" />
			</else>
		</filter>

		<filter xpath="not(get-property('uri.var.companyId') = '' or not(string(get-property('uri.var.companyId'))))
					  or not(get-property('uri.var.universalName') = '' or not(string(get-property('uri.var.universalName'))))
					  or not(get-property('uri.var.emailDomains') = '' or not(string(get-property('uri.var.emailDomains'))))
					  or not(get-property('uri.var.companyAdmin') = '' or not(string(get-property('uri.var.companyAdmin'))))">
			<then>
				<filter xpath="not(get-property('uri.var.companyId') = '' or not(string(get-property('uri.var.companyId')))) and not(get-property('uri.var.universalName') = '' or not(string(get-property('uri.var.universalName'))))">
					<then>
						<call>
							<endpoint>
								<http method="get"
									uri-template="{+uri.var.apiUrl}/v1/companies::({+uri.var.companyId},universal-name={+uri.var.universalName}){+uri.var.fieldSelectors}?oauth2_access_token={+uri.var.accessToken}&amp;format=json" />
							</endpoint>
						</call>
					</then>
					<else>
						<filter xpath="not(get-property('uri.var.companyId') = '' or not(string(get-property('uri.var.companyId'))))">
							<then>
								<call>
									<endpoint>
										<http method="get"
											uri-template="{+uri.var.apiUrl}/v1/companies/{+uri.var.companyId}{+uri.var.fieldSelectors}?oauth2_access_token={+uri.var.accessToken}&amp;format=json" />
									</endpoint>
								</call>
							</then>
							<else>
								<filter xpath="not(get-property('uri.var.universalName') = '' or not(string(get-property('uri.var.universalName'))))">
									<then>
										<call>
											<endpoint>
												<http method="get"
													uri-template="{+uri.var.apiUrl}/v1/companies/universal-name={+uri.var.universalName}{+uri.var.fieldSelectors}?oauth2_access_token={+uri.var.accessToken}&amp;format=json" />
											</endpoint>
										</call>
									</then>
									<else>
										<filter xpath="not(get-property('uri.var.emailDomains') = '' or not(string(get-property('uri.var.emailDomains'))))">
											<then>
												<call>
													<endpoint>
														<http method="get"
															uri-template="{+uri.var.apiUrl}/v1/companies{+uri.var.fieldSelectors}?email-domain={+uri.var.emailDomains}&amp;oauth2_access_token={+uri.var.accessToken}&amp;format=json" />
													</endpoint>
												</call>
											</then>
											<else>
												<filter xpath="not(get-property('uri.var.companyAdmin') = '' or not(string(get-property('uri.var.companyAdmin'))))">
													<then>
														<call>
															<endpoint>
																<http method="get"
																	uri-template="{+uri.var.apiUrl}/v1/companies{+uri.var.fieldSelectors}?is-company-admin={+uri.var.companyAdmin}&amp;oauth2_access_token={+uri.var.accessToken}&amp;format=json" />
															</endpoint>
														</call>
													</then>
												</filter>
											</else>
										</filter>
									</else>
								</filter>
							</else>
						</filter>
					</else>
				</filter>
			</then>
			<else>
				<call>
					<endpoint>
						<http method="get"
							uri-template="{+uri.var.apiUrl}/v1/companies{+uri.var.fieldSelectors}?oauth2_access_token={+uri.var.accessToken}&amp;format=json" />
					</endpoint>
				</call>
			</else>
		</filter>

		<!-- Remove response custom header information -->
		<header name="x-li-format" scope="transport" action="remove" />
		<header name="X-LI-UUID" scope="transport" action="remove" />
		<header name="X-Li-Fabric" scope="transport" action="remove" />
		<header name="x-li-request-id" scope="transport" action="remove" />
		<header name="X-Li-Pop" scope="transport" action="remove" />
		<header name="Set-Cookie" scope="transport" action="remove" />

	</sequence>

</template>
