<?xml version="1.0" encoding="UTF-8"?>
<!--
  Copyright (c) 2015, WSO2 Inc. (http://www.wso2.org) All Rights Reserved.
    WSO2 Inc. licenses this file to you under the Apache License,
    Version 2.0 (the "License"); you may not use this file except
    in compliance with the License.
    You may obtain a copy of the License at
      http://www.apache.org/licenses/LICENSE-2.0

   Unless required by applicable law or agreed to in writing,
   software distributed under the License is distributed on an
   "AS IS" BASIS, WITHOUT WARRANTIES OR CONDITIONS OF ANY
   KIND, either express or implied.  See the License for the
   specific language governing permissions and limitations
   under the License.
  -->
<template name="getCompanyUpdate" xmlns="http://ws.apache.org/ns/synapse">

    <parameter name="companyId" description="The unique internal numeric company identifier" />

    <parameter name="eventType" description="Type fo event" />
    <parameter name="start" description="The offset value for paginating update results." />
    <parameter name="count" description="Maximum number of updates to return." />
    <sequence>
        <property name="uri.var.companyId" expression="$func:companyId" />
        <property name="uri.var.eventType" expression="$func:eventType" />
        <property name="uri.var.start" expression="$func:start" />
        <property name="uri.var.count" expression="$func:count" />
        <property name="uri.var.OptionalParameter" value="" />
        <filter
                xpath="(not(get-property('uri.var.eventType') = '' or  (not(string(get-property('uri.var.eventType'))))))">
            <then>
                <property name="uri.var.OptionalParameter"
                          expression="fn:concat(get-property('uri.var.OptionalParameter'),'&amp;event-type=',get-property('uri.var.eventType'))"/>
            </then>
        </filter>
        <filter
                xpath="(not(get-property('uri.var.start') = '' or  (not(string(get-property('uri.var.start'))))))">
            <then>
                <property name="uri.var.OptionalParameter"
                          expression="fn:concat(get-property('uri.var.OptionalParameter'),'&amp;start=',get-property('uri.var.start'))"/>
            </then>
        </filter>
        <filter
                xpath="(not(get-property('uri.var.count') = '' or  (not(string(get-property('uri.var.count'))))))">
            <then>
                <property name="uri.var.OptionalParameter"
                          expression="fn:concat(get-property('uri.var.OptionalParameter'),'&amp;count=',get-property('uri.var.count'))"/>
            </then>
        </filter>
        <call>
            <endpoint>
                <http method="get"
                      uri-template="{+uri.var.apiUrl}/v1/companies/{+uri.var.companyId}/updates?oauth2_access_token={+uri.var.accessToken}{+uri.var.OptionalParameter}&amp;format=json"/>
            </endpoint>
        </call>

        <!-- Remove response custom header information -->
        <header name="x-li-format" scope="transport" action="remove" />
        <header name="X-LI-UUID" scope="transport" action="remove" />
        <header name="X-Li-Pop" scope="transport" action="remove" />
        <header name="X-Li-Fabric" scope="transport" action="remove" />
        <header name="x-li-request-id" scope="transport" action="remove" />
        <header name="Set-Cookie" scope="transport" action="remove" />
    </sequence>
</template>