<?xml version="1.0" encoding="UTF-8"?>
<!--
  Copyright (c) 2015, WSO2 Inc. (http://www.wso2.org) All Rights Reserved.
    WSO2 Inc. licenses this file to you under the Apache License,
    Version 2.0 (the "License"); you may not use this file except
    in compliance with the License.
    You may obtain a copy of the License at
      http://www.apache.org/licenses/LICENSE-2.0

   Unless required by applicable law or agreed to in writing,
   software distributed under the License is distributed on an
   "AS IS" BASIS, WITHOUT WARRANTIES OR CONDITIONS OF ANY
   KIND, either express or implied.  See the License for the
   specific language governing permissions and limitations
   under the License.
  -->
<template name="getfollowers" xmlns="http://ws.apache.org/ns/synapse">

    <parameter name="companyId" description="The unique internal numeric company identifier" />

    <parameter name="geos" description="Segment by a particular geographic area." />
    <parameter name="jobFunc" description="Segment by a particular company size targeting code." />
    <parameter name="industries" description="Segment by member industry." />
    <parameter name="seniorities" description="Segment by member seniority level targeting code." />
    <parameter name="companySizes" description="Segment by a particular geographic area." />


    <sequence>
        <property name="uri.var.companyId" expression="$func:companyId" />

        <property name="uri.var.geos" expression="$func:geos" />
        <property name="uri.var.companySizes" expression="$func:companySizes" />
        <property name="uri.var.jobFunc" expression="$func:jobFunc" />
        <property name="uri.var.industries" expression="$func:industries" />
        <property name="uri.var.seniorities" expression="$func:seniorities" />
        <property name="uri.var.optionalParameter" value="" />
        <filter
                xpath="(not(get-property('uri.var.geos') = '' or  (not(string(get-property('uri.var.geos'))))))">
            <then>
                <property name="uri.var.optionalParameter"
                          expression="fn:concat(get-property('uri.var.optionalParameter'),'&amp;geos=',get-property('uri.var.geos'))"/>
            </then>
        </filter>
        <filter
                xpath="(not(get-property('uri.var.companySizes') = '' or  (not(string(get-property('uri.var.companySizes'))))))">
            <then>
                <property name="uri.var.optionalParameter"
                          expression="fn:concat(get-property('uri.var.optionalParameter'),'&amp;companySizes=',get-property('uri.var.companySizes'))"/>
            </then>
        </filter>
        <filter
                xpath="(not(get-property('uri.var.jobFunc') = '' or  (not(string(get-property('uri.var.jobFunc'))))))">
            <then>
                <property name="uri.var.optionalParameter"
                          expression="fn:concat(get-property('uri.var.optionalParameter'),'&amp;jobFunc=',get-property('uri.var.jobFunc'))"/>
            </then>
        </filter>
        <filter
                xpath="(not(get-property('uri.var.industries') = '' or  (not(string(get-property('uri.var.industries'))))))">
            <then>
                <property name="uri.var.optionalParameter"
                          expression="fn:concat(get-property('uri.var.optionalParameter'),'&amp;industries=',get-property('uri.var.industries'))"/>
            </then>
        </filter>
        <filter
                xpath="(not(get-property('uri.var.seniorities') = '' or  (not(string(get-property('uri.var.seniorities'))))))">
            <then>
                <property name="uri.var.optionalParameter"
                          expression="fn:concat(get-property('uri.var.optionalParameter'),'&amp;seniorities=',get-property('uri.var.seniorities'))"/>
            </then>
        </filter>

        <call>
            <endpoint>
                <http method="get"
                      uri-template="{+uri.var.apiUrl}/v1/companies/{+uri.var.companyId}/num-followers?oauth2_access_token={+uri.var.accessToken}{+uri.var.optionalParameter}&amp;format=json"/>
            </endpoint>
        </call>
        <!-- Remove response custom header information -->
        <header name="x-li-format" scope="transport" action="remove" />
        <header name="X-LI-UUID" scope="transport" action="remove" />
        <header name="X-Li-Pop" scope="transport" action="remove" />
        <header name="X-Li-Fabric" scope="transport" action="remove" />
        <header name="x-li-request-id" scope="transport" action="remove" />
        <header name="Set-Cookie" scope="transport" action="remove" />
    </sequence>
</template>