<?xml version="1.0" encoding="UTF-8"?>
<template name="listCompanyByMember" xmlns="http://ws.apache.org/ns/synapse">
    <parameter name="start"
               description="The offset value for paginating update results by." />
    <parameter name="count"
               description="Maximum number of updates to return." />
    <parameter name="isCompanyAdmin"
               description="The boolean value enabled or not." />


    <sequence>
        <property name="uri.var.start" expression="$func:start" />
        <property name="uri.var.count" expression="$func:count" />
        <property name="uri.var.isCompanyAdmin" value="true" />
        <property name="uri.var.Parameter" value="" />
        <filter
                xpath="(not(get-property('uri.var.start') = '' or  (not(string(get-property('uri.var.start'))))))">
            <then>
                <property name="uri.var.Parameter"
                          expression="fn:concat(get-property('uri.var.Parameter'),'&amp;start=',get-property('uri.var.start'))"/>
            </then>
        </filter>
        <filter
                xpath="(not(get-property('uri.var.count') = '' or  (not(string(get-property('uri.var.count'))))))">
            <then>
                <property name="uri.var.Parameter"
                          expression="fn:concat(get-property('uri.var.Parameter'),'&amp;count=',get-property('uri.var.count'))"/>
            </then>
        </filter>
        <property name="uri.var.Parameter"
                  expression="fn:concat(get-property('uri.var.Parameter'),'&amp;is-company-admin=',get-property('uri.var.isCompanyAdmin'))"/>

        <call>
                    <endpoint>
                      <http method="get"
                              uri-template="{+uri.var.apiUrl}/v1/companies?oauth2_access_token={+uri.var.accessToken}{+uri.var.Parameter}&amp;format=json"/>
                    </endpoint>
        </call>

        <!-- Remove response custom header information -->
        <header name="x-li-format" scope="transport" action="remove" />
        <header name="X-LI-UUID" scope="transport" action="remove" />
        <header name="X-Li-Pop" scope="transport" action="remove" />
        <header name="X-Li-Fabric" scope="transport" action="remove" />
        <header name="x-li-request-id" scope="transport" action="remove" />
        <header name="Set-Cookie" scope="transport" action="remove" />
    </sequence>
</template>