<template name="getAccessToken" xmlns="http://ws.apache.org/ns/synapse">

	<!-- Required parameters -->
	
	<parameter name="code"
		description="Value of authorization_code." />
	<parameter name="redirectUri"
		description="Same redirect_uri that you passed to get authorization_code." />
	<parameter name="clientId"
		description="Value of your API Key given when you registered your application with LinkedIn." />
	<parameter name="clientSecret"
		description="Value of your secret key given when you registered your application with LinkedIn." />

	<sequence>
		<property name="uri.var.code" expression="$func:code" />
		<property name="uri.var.redirectUri" expression="$func:redirectUri" />
		<property name="uri.var.clientId" expression="$func:clientId" />
		<property name="uri.var.clientSecret" expression="$func:clientSecret" />
		
		<payloadFactory media-type="xml">
			<format>
				<root>
					<grant_type>authorization_code</grant_type>
					<code>$1</code>
					<redirect_uri>$2</redirect_uri>
					<client_id>$3</client_id>
					<client_secret>$4</client_secret>
				</root>
			</format>
			
			<args>
				<arg expression="get-property('uri.var.code')" />
				<arg expression="get-property('uri.var.redirectUri')" />
				<arg expression="get-property('uri.var.clientId')" />
				<arg expression="get-property('uri.var.clientSecret')" />
			</args>
		</payloadFactory>
		
		<property name="messageType" value="application/x-www-form-urlencoded" scope="axis2" />
		<property name="DISABLE_CHUNKING" value="true" scope="axis2" />	
		
		<call>
			<endpoint>
				<http method="post" uri-template="{+uri.var.apiUrl}/uas/oauth2/accessToken" />
			</endpoint>
		</call>
		
		<!-- Remove response custom header information -->
		<header name="x-li-format" scope="transport" action="remove" />
		<header name="X-LI-UUID" scope="transport" action="remove" />
		<header name="X-Li-Pop" scope="transport" action="remove" />
		<header name="X-Li-Fabric" scope="transport" action="remove" />
		<header name="x-li-request-id" scope="transport" action="remove" />
		<header name="P3P" scope="transport" action="remove" />
		<header name="Set-Cookie" scope="transport" action="remove" />
		
	</sequence>
</template>