<template name="viewJobs" xmlns="http://ws.apache.org/ns/synapse">

	<!-- Required Parameters -->
	<parameter name="id" description="ID of the job posting" />
	<!-- Optional Parameters -->
	<parameter name="fieldSelectors" description="To retrieve the specific fields." />

	<sequence>
		<property name="uri.var.id" expression="$func:id" />
		<property name="uri.var.fieldSelectors" expression="$func:fieldSelectors" />
		
		<filter xpath="get-property('uri.var.fieldSelectors') = '' or not(string(get-property('uri.var.fieldSelectors')))">
			<then>
				<property name="uri.var.fieldSelectors" value="" />
			</then>
			<else>
				<property name="uri.var.fieldSelectors" expression="fn:concat(':(', get-property('uri.var.fieldSelectors'), ')')" />
			</else>
		</filter>	

		<call>
			<endpoint>
				<http method="get"
					uri-template="{+uri.var.apiUrl}/v1/jobs/{+uri.var.id}{+uri.var.fieldSelectors}?oauth2_access_token={+uri.var.accessToken}&amp;format=json" />
			</endpoint>
		</call>
		

		<!-- Remove response custom header information -->
		<header name="x-li-format" scope="transport" action="remove" />
		<header name="X-LI-UUID" scope="transport" action="remove" />
		<header name="X-Li-Pop" scope="transport" action="remove" />
		<header name="X-Li-Fabric" scope="transport" action="remove" />
		<header name="x-li-request-id" scope="transport" action="remove" />

	</sequence>
</template>
	
