<?xml version="1.0" encoding="UTF-8"?>
<connector>
    <component name="linkedin" package="org.wso2.carbon.connector" >
        <dependency component="linkedin_config"/>
        <dependency component="linkedin_authorization"/>
        <dependency component="linkedin_companies"/>
        <dependency component="linkedin_jobs"/>
        <dependency component="linkedin_network"/>
        <dependency component="linkedin_people"/>
        <dependency component="linkedin_status"/>
        <description>WSO2 Connector for LinkedIn 1.0</description>
    </component>
</connector>
