<template name="getStatus" xmlns="http://ws.apache.org/ns/synapse">
	<parameter name="memberId"
		description="Id of the member of whose profile fields are requested to be retrived" />
	<parameter name="publicUrl" description="public url of the requested profile" />

	<sequence>
		<property name="uri.var.memberId" expression="$func:memberId" />
		<property name="uri.var.publicUrl" expression="$func:publicUrl" />
		<filter
			xpath="(get-property('uri.var.memberId') = '' and not(string(get-property('uri.var.memberId')))) 
			and (get-property('uri.var.publicUrl') = '' and not(string(get-property('uri.var.publicUrl'))))">
			<then>
				<!-- id and publicUrl both are null -->
				<call>
					<endpoint>
						<http method="get"
							uri-template="{+uri.var.apiUrl}/v1/people/~:(current-status)?oauth2_access_token={+uri.var.accessToken}&amp;format=json" />
					</endpoint>
				</call>

			</then>
			<else>
				<filter xpath="not(get-property('uri.var.memberId') = '') and string(get-property('uri.var.memberId'))">
					<then>
						<!-- id is not null and publicUrl is null -->

						<call>
							<endpoint>
								<http method="get"
									uri-template="{+uri.var.apiUrl}/v1/people/id={+uri.var.memberId}:(current-status)?oauth2_access_token={+uri.var.accessToken}&amp;format=json" />
							</endpoint>
						</call>

					</then>
					<else>
						<!-- publicUrl is not null and id is null -->
						<script language="js">
							<![CDATA[ 
							var encoded_publicUrl = mc.getProperty('uri.var.publicUrl');
			
							mc.setProperty('uri.var.publicUrl', encoded_publicUrl); 
						]]></script>
						<call>
							<endpoint>
								<http method="get"
									uri-template="{+uri.var.apiUrl}/v1/people/url={+uri.var.publicUrl}:(current-status)?oauth2_access_token={+uri.var.accessToken}&amp;format=json" />
							</endpoint>
						</call>

					</else>
				</filter>
			</else>
		</filter>


		<!-- Remove response custom header information -->
		<header name="x-li-format" scope="transport" action="remove" />
		<header name="X-LI-UUID" scope="transport" action="remove" />
		<header name="X-Li-Pop" scope="transport" action="remove" />
		<header name="X-Li-Fabric" scope="transport" action="remove" />
		<header name="x-li-request-id" scope="transport" action="remove" />
		<header name="Set-Cookie" scope="transport" action="remove" />
	</sequence>
</template>
